show_id,type,title,director,country,date_added,release_year,rating,duration,listed_in,description
s1,Movie,Sound ever form,Samantha Campos,Canada,2020-11-12,2011,PG-13,64 min,"Thriller, Drama",Year goal history development city move.
s2,TV Show,Player better customer,Kelly Harrell,India,2021-10-11,1988,R,5 Seasons,"Thriller, Horror",Reason although easy myself yard lay to. Buy time others recently news face father technology.
s3,TV Show,Develop speech rich,John Meyer,France,2023-03-29,1999,TV-Y7,5 Seasons,"Thriller, Crime",Recent imagine sport sound. You perhaps anyone. Soon garden look claim worry policy.
s4,Movie,Sea organization full work,Shari Walker,UK,2022-11-27,2015,TV-Y7,116 min,"Sci-Fi, Drama",Avoid strong least bit ball because statement issue. End relationship forward.
s5,Movie,Job drive,,South Korea,2022-10-05,1982,PG,169 min,"Documentary, Crime",Arrive enough return nothing site down represent.
s6,TV Show,Support also,Kelly Miller,South Korea,2022-05-28,2012,TV-MA,4 Seasons,"Adventure, Crime",Radio key goal argue much issue.
s7,Movie,Radio three,,Canada,2020-12-08,1987,PG-13,66 min,"Documentary, Sci-Fi",Color matter type art usually. Just add his news air reality over. Join miss sound new fight.
s8,TV Show,His mind,Nicole Smith,France,2023-04-13,2000,R,2 Seasons,"Horror, Drama",Shake discuss fine despite.
s9,Movie,Minute simple he,Dr. James Walker DDS,Germany,2022-03-20,1982,TV-MA,121 min,"Thriller, Sci-Fi",Nor position different authority response. Similar region score fear center teacher.
s10,Movie,Take safe treat,,France,2025-08-27,2017,G,63 min,"Thriller, Adventure",Public southern compare report ask peace.
s11,Movie,Station,Linda Copeland,France,2021-12-07,1980,TV-Y,146 min,"Crime, Sci-Fi",Fund consumer address. Although heavy cut. Drive beat office level.
s12,Movie,Happen deep,Victoria Patel,Brazil,2021-03-18,1981,TV-MA,128 min,"Thriller, Adventure",Above simply however institution. True affect adult candidate peace picture key.
s13,Movie,Customer sort,Robert Miles,Canada,2023-04-27,2010,TV-Y,166 min,"Drama, Romance",Truth its avoid science. Watch might technology central PM.
s14,TV Show,Fact ability,Tammy Gonzalez,Brazil,2023-12-02,1987,TV-Y,2 Seasons,"Documentary, Crime",Take final interest owner under leader. Mouth job cover.
s15,TV Show,History simply get,Kelly Melton,Canada,2021-04-30,2017,G,4 Seasons,"Sci-Fi, Romance",Door space public help. Good evidence spring field.
s16,Movie,Option,Edward Lyons,South Korea,2021-03-25,2010,TV-MA,60 min,"Thriller, Crime",Surface thing find child purpose line. Page use others green. Image article really at skill.
s17,Movie,Member admit,Joshua Davidson,South Korea,2024-02-04,2012,PG,144 min,"Sci-Fi, Comedy",Our magazine majority. Major side wonder upon full. Go benefit require.
s18,Movie,Likely can star,Luke Bush,USA,2021-06-09,1994,G,72 min,"Adventure, Horror",Free role admit chance region little necessary notice.
s19,TV Show,Other management,Kristina Smith,Canada,2023-05-13,1983,R,2 Seasons,"Crime, Sci-Fi",Born mean nice professional. Themselves water media decision.
s20,TV Show,Establish,Seth Roy,Japan,2021-05-06,2016,PG-13,1 Seasons,"Romance, Thriller","Radio nothing owner heavy professional.
Father front hotel why say financial cover building."
s21,TV Show,Boy talk occur,Shaun Williamson,France,2025-01-20,1984,PG-13,5 Seasons,"Horror, Thriller",Week energy dark contain town rate. Hit none threat.
s22,TV Show,What attention,George Thomas,Germany,2024-04-17,1988,TV-14,5 Seasons,"Crime, Action",Similar doctor project well. Evening place collection decide why so black exactly.
s23,Movie,House expect even service,Benjamin Kennedy,France,2020-11-25,2012,TV-Y,139 min,"Romance, Sci-Fi",Long share million now.
s24,Movie,Sister fine receive,Troy Petersen,Japan,2025-01-29,1988,TV-Y,101 min,"Horror, Crime",Cold score discuss church interview around system. Media describe charge move month change.
s25,Movie,Stuff research everybody,Elizabeth Cordova,Canada,2022-12-31,1998,TV-14,112 min,"Sci-Fi, Adventure",After scene people four director. Face house upon describe world something. Address film ability.
s26,Movie,Lay dream once,Barbara Carter,USA,2023-07-26,2020,PG-13,126 min,"Drama, Comedy",Race each eat data into record author. Property fear set want. Property artist create me.
s27,Movie,Everything land,Michael Ford,Germany,2021-12-26,1994,R,87 min,"Crime, Documentary",There hair indicate beautiful east speech. Center realize teach benefit people.
s28,TV Show,Third network account,,Germany,2025-09-26,2015,R,3 Seasons,"Adventure, Crime",Them seat save institution. Anything movie manage economic coach similar.
s29,Movie,Will style,Michelle Howard,Japan,2021-09-12,2013,TV-Y7,90 min,"Thriller, Adventure",Until feel my catch this. Scene fish seven option by. Assume different nor interview glass.
s30,TV Show,Process six,Joseph Sanders,Brazil,2022-06-20,2000,TV-14,1 Seasons,"Drama, Horror",Responsibility west report maintain try whom. Short learn only bed response. Range seven order.
s31,TV Show,Should fall,Heather Knight,South Korea,2022-07-04,2009,R,4 Seasons,"Thriller, Horror",Meeting evening page become a stock same. Grow discuss person market.
s32,Movie,Agree follow,Brooke Huang,Mexico,2021-09-07,1997,G,179 min,"Comedy, Drama",How focus market major. Chair during view include bill. Bar natural I indeed your artist.
s33,Movie,International receive,Rhonda Hamilton,Germany,2024-01-19,2013,PG,110 min,"Comedy, Action",Social whatever grow guess economy difficult also.
s34,TV Show,Pull,Michael Bauer,Canada,2022-08-25,2018,R,5 Seasons,"Crime, Romance",Than goal himself action stop matter glass. Majority activity friend relationship dream beyond.
s35,Movie,Base late enough according,Erika Walker,India,2024-02-18,2006,G,180 min,"Romance, Documentary",Condition owner consider. Son key move town. Computer improve million senior surface.
s36,Movie,Pay,Carrie Taylor,India,2024-12-10,1980,TV-14,169 min,"Horror, Crime",Compare opportunity high knowledge.
s37,TV Show,Increase north,Linda Reilly,Canada,2024-01-29,2013,TV-Y,3 Seasons,"Thriller, Horror",Fact across star most always something quality. Store trip increase. Point each ability life.
s38,TV Show,Practice view increase,Mrs. Stephanie Juarez,Brazil,2025-03-27,2023,R,4 Seasons,"Documentary, Drama",Nor cover analysis participant. Floor drug perhaps popular. Behind stock analysis.
s39,TV Show,Amount such ten,Andrew Davis,UK,2024-03-17,2006,TV-14,3 Seasons,"Thriller, Horror",Learn bad fight week. Help grow right today common someone pressure.
s40,Movie,Consider different,Andrew Kim,UK,2024-09-01,2000,PG,161 min,"Drama, Comedy",Week argue moment able. Us forward something remember.
s41,TV Show,Science turn,Gregory Rose,USA,2021-10-17,2021,TV-MA,5 Seasons,"Action, Thriller",Fact large easy common single base. Threat cut claim. Skin bit fill training.
s42,TV Show,Chance dark agent,Jason Hester,UK,2024-07-01,1992,TV-MA,3 Seasons,"Adventure, Documentary",Generation act particular institution visit senior. News mother employee although exist.
s43,Movie,Above its huge,Jillian Salas,USA,2021-08-14,2021,G,102 min,"Sci-Fi, Crime",Stop dinner prevent war. Take mouth development employee political might. Company talk history.
s44,Movie,Total,,Germany,2024-08-21,1984,TV-Y7,150 min,"Drama, Documentary",Recent sea event. Money call safe. Cause near establish care after shoulder.
s45,Movie,Stock quite though,Brandon Wilson,USA,2023-07-09,1986,PG,121 min,"Thriller, Drama",Among candidate store. Charge agree friend even. Thing ready when agent.
s46,TV Show,Foreign already each,,USA,2024-08-02,2011,TV-14,2 Seasons,"Sci-Fi, Documentary",Tough attention beyond necessary mind drive. Ok enjoy system visit perhaps.
s47,Movie,Beyond maybe,Jason Edwards,Canada,2022-11-29,2002,G,137 min,"Crime, Adventure",Expect land report blue.
s48,Movie,Local sure,,Japan,2024-08-08,1992,TV-Y,82 min,"Romance, Horror",The way enjoy tend serious. Also school power son statement doctor.
s49,TV Show,Quality every single body,Calvin Williams,Japan,2022-08-27,1981,R,5 Seasons,"Adventure, Comedy",Stuff black thought him skill suddenly last gun. Top join think mean successful own risk.
s50,Movie,Six health,,India,2025-02-16,2019,TV-MA,104 min,"Drama, Thriller",Hundred resource trip option even quality per happy. Leader play catch entire try probably.
s51,Movie,Property,,USA,2023-05-12,1994,TV-MA,102 min,"Sci-Fi, Crime",Later strong cause ok but risk. Money sure whether character or any detail.
s52,Movie,Imagine can,,South Korea,2023-10-30,1988,TV-Y7,137 min,"Sci-Fi, Thriller",Focus occur teacher bed. Tend nice number paper great.
s53,TV Show,Of her across themselves,,Canada,2021-08-10,1983,TV-Y,5 Seasons,"Sci-Fi, Thriller",Believe woman away half a. Many military that leg. Parent popular believe main.
s54,Movie,Week arrive,Tina Bean,Mexico,2021-02-14,2012,PG-13,157 min,"Romance, Crime",Story that TV ever analysis trial. Possible seem per example I.
s55,Movie,Image back wear,April Bryant,Mexico,2024-09-27,2019,TV-Y,92 min,"Crime, Sci-Fi",Which experience decide discover indicate energy skill. Enter head seven these.
s56,TV Show,Fine summer thousand,Annette Salazar,South Korea,2023-03-10,2003,G,3 Seasons,"Horror, Action",Would list structure stock. Dinner perhaps either bit easy push attack. Fund girl pay Mrs sit.
s57,Movie,Show course,Mary Martin,Mexico,2024-11-22,1980,PG-13,135 min,"Documentary, Adventure","Support need include western.
Low still answer half. Never get message."
s58,TV Show,Production every available,Joseph Day,USA,2023-10-23,2006,TV-MA,4 Seasons,"Comedy, Drama",Traditional record test Mr hour cold all ago. Staff everybody church suggest election lay.
s59,TV Show,Hold act operation,John Rodriguez,South Korea,2025-02-05,2008,TV-14,1 Seasons,"Action, Sci-Fi",Human discover point prepare join. Foreign law wait main wear avoid.
s60,TV Show,However up cover we,,Canada,2024-07-10,2020,TV-Y,2 Seasons,"Drama, Crime",Will never character. Bit himself center old able ok accept.
s61,Movie,Forget common art,Ralph Gordon DVM,Japan,2022-08-26,1988,PG-13,67 min,"Drama, Thriller",Visit money agency minute safe cause. American focus off their member listen. Prove two both.
s62,Movie,Reach market,Mrs. Christine Roberts,UK,2025-09-01,1995,PG,93 min,"Horror, Crime",Onto all others wish much modern hour economy. Such senior happy story indeed effort.
s63,TV Show,Score play sell,Joshua Robinson,Brazil,2024-04-24,1983,R,3 Seasons,"Adventure, Documentary",Industry majority those long month politics growth. Author firm student go reflect woman later.
s64,Movie,Statement southern,Elizabeth Robinson,Canada,2023-04-14,1996,TV-14,147 min,"Sci-Fi, Action",Physical reduce dog black tonight participant.
s65,TV Show,Ready meet,Nicole White,Mexico,2023-12-13,2012,PG,1 Seasons,"Sci-Fi, Horror","At about unit.
More all offer current."
s66,TV Show,Thought mouth,Michael Jimenez,India,2021-07-29,2014,PG-13,3 Seasons,"Drama, Romance","Great support western form. Young wonder must senior fine.
Man black discover until guy."
s67,TV Show,Floor,Zachary Alexander,USA,2021-05-26,2003,TV-14,1 Seasons,"Sci-Fi, Drama",Deep society never with set. Prepare natural listen run model forward. Public really action same.
s68,TV Show,You fine,Jonathan Callahan,France,2022-09-21,2018,R,5 Seasons,"Sci-Fi, Drama",Look gas various safe catch. Support audience hit indeed laugh subject.
s69,Movie,Doctor least,Nicole Garza,Brazil,2021-01-23,2022,PG,83 min,"Action, Horror",Weight his guess medical start bit we end. Shoulder other building short report.
s70,Movie,Hospital first,Jeanette Williams,South Korea,2023-09-01,2023,PG-13,96 min,"Documentary, Horror",Thought particularly low study. Consumer artist respond hit. Series reveal begin bed charge miss.
s71,Movie,Mr find cultural,,UK,2024-12-06,1991,R,172 min,"Sci-Fi, Drama",Risk assume individual start choose leg fight suggest. Employee successful probably region.
s72,Movie,Cost role here candidate,Heather Jackson,France,2022-07-19,2017,PG-13,71 min,"Adventure, Thriller",Firm various last response bar fear.
s73,Movie,Bring spend century item,Todd Miranda,France,2025-01-15,2014,TV-14,97 min,"Sci-Fi, Thriller",Article American long its station. Walk themselves knowledge meeting able act.
s74,TV Show,Challenge finish approach,Barbara Rodriguez,Japan,2024-09-27,1980,R,1 Seasons,"Drama, Thriller",Show page president. Wife reduce girl notice represent another.
s75,TV Show,Until tend,Brittany Anderson,France,2022-07-18,1980,R,1 Seasons,"Sci-Fi, Thriller",Seat address any arm. Cold position use event collection window.
s76,Movie,Maybe those say,,USA,2024-11-02,2010,PG,147 min,"Comedy, Sci-Fi",Set debate right say politics we such population. Approach open lawyer strong.
s77,Movie,Vote every,,France,2023-03-26,2006,G,109 min,"Drama, Comedy",Method soldier hotel upon push phone ok. Maybe far provide low door small although director.
s78,TV Show,Beautiful and write,Thomas Jones,Canada,2022-09-21,2007,TV-Y,4 Seasons,"Horror, Action","Join face finally line huge. Particular little page above.
Place buy image him theory memory."
s79,Movie,Fear prove,Crystal Rubio,Japan,2024-12-21,2000,TV-Y7,170 min,"Horror, Romance",Describe receive spring tell method along. Base sing military knowledge which cultural.
s80,TV Show,Trial medical represent,,Japan,2022-04-01,2012,TV-14,4 Seasons,"Action, Thriller",Which agency week live free tough first.
s81,Movie,Weight red minute,Anthony Ayala,Germany,2025-06-30,2001,TV-MA,94 min,"Sci-Fi, Romance",Very professor final effort character easy citizen. West product people want factor must.
s82,TV Show,Few buy,Frances Campbell,UK,2020-10-05,2013,TV-Y7,2 Seasons,"Action, Crime","Prevent religious fund.
General more beyond although loss. Kid learn suggest."
s83,Movie,Month,Benjamin Young,France,2025-09-11,1996,PG,69 min,"Romance, Action",Game fight the trial. Decide heart throughout former. Stage model discussion.
s84,Movie,Boy up,Ms. Barbara Scott,Germany,2021-04-27,2015,TV-14,121 min,"Documentary, Horror",Another door way economy. System sense political executive throughout.
s85,Movie,Tax reduce,Debbie Hart,South Korea,2023-06-27,2012,R,66 min,"Comedy, Sci-Fi",Kitchen close traditional know relationship.
s86,TV Show,Area,Jean Cabrera,USA,2023-10-11,1996,TV-Y,4 Seasons,"Sci-Fi, Comedy",Strong enough during soon ability. Huge example research risk.
s87,Movie,Produce according similar,Samantha Lee,Japan,2024-09-08,1994,PG-13,164 min,"Thriller, Drama",Remember successful window home once parent. Born attention fish mother between.
s88,Movie,Tax simply,Aaron Perez,Brazil,2021-11-15,2000,TV-Y,142 min,"Thriller, Documentary",Husband sister sure case decision. Suddenly into bank time meeting feel notice.
s89,Movie,Over long,Sarah Sandoval,USA,2024-04-05,2021,TV-14,63 min,"Crime, Thriller",Coach understand while minute understand throughout. Well audience yeah miss simply beat former.
s90,Movie,Tax everything,David Johnston,UK,2025-08-12,2008,TV-Y,175 min,"Comedy, Thriller",Maybe although attention cause. Total must ago claim bar billion those.
s91,TV Show,Discuss small,Kayla Hudson,Mexico,2024-11-19,2005,G,3 Seasons,"Romance, Horror",Begin walk realize movie relationship leg. Road story large south.
s92,Movie,Work,Gregory Bonilla,USA,2022-11-18,1992,G,115 min,"Comedy, Adventure",Well cold leg statement federal building. International matter candidate campaign meet major.
s93,TV Show,Order fill wide,Rachel Griffith,Germany,2023-10-18,2021,TV-Y,5 Seasons,"Romance, Horror",Sing shoulder myself. Consumer start budget answer trouble establish.
s94,Movie,Return represent,David Martinez,UK,2021-08-26,1995,G,159 min,"Sci-Fi, Romance",Save keep reality. Answer act nation if bad have military.
s95,TV Show,Business it,Jacqueline Johnson,Japan,2024-08-12,1982,R,2 Seasons,"Documentary, Comedy",Than somebody job question. Radio key stage page million. Another piece where.
s96,Movie,South really positive,Angel Castillo,USA,2023-06-24,1988,TV-14,159 min,"Adventure, Thriller",Anyone call be single mother wind good. South growth official evidence no.
s97,TV Show,Nation particular,Christine Phillips,Germany,2021-04-23,2012,R,5 Seasons,"Crime, Sci-Fi",Truth deep short detail. In state summer capital paper year above.
s98,TV Show,Get across generation,Michael Ortiz,South Korea,2023-02-02,2002,R,3 Seasons,"Drama, Action",Management nothing wall right great represent.
s99,Movie,So,James Bell,France,2024-03-11,1984,PG-13,107 min,"Action, Drama",Tend speak friend military from. Suffer Democrat sing traditional ground.
s100,TV Show,Practice ago news improve,Julie Miller,USA,2025-07-03,2015,PG-13,1 Seasons,"Drama, Romance",Make if many professor we. Trip you cause skin. Store lot window drug itself gun ahead.
